년 해성-| 유도탄 4 391214} 2) ASRP 시험용역 결과 보고서,: ㆍ a,6201600300/리116 (POM ALE POMEL? & 001/기술인구선의 Df a woe 17078-09-42 오후 4726152,,
에,‘Sy,,,
“a,,,,
1066 Closed Bombo 조림한다.,,,,
Fy,타 -,”,,
"DG, BAS 연결기 3, 4빈에 연결한다.",,,,
Bi,ara,,,
"09. lomsece 인결기 1, 2번에 da ert.",,,,
[을 순차적으로 공급한다.,,,,
4 +,,,,
[저항 HAS 만족한 것을 Hele,,,,
pes 00 Bret ev gc pk epee a Aire Da vat coe a,,,,
E__| G00~1500 psi) | (~20 msec).,,,,
ee!) 708.9,11.44,,,
ey 005,757.1,10.83,,
a,759.1,|,10.87,
a a,814.6,10.93,|,
ao,733.5,|,11.53,|
“~ 0,,,,
|,813.2,10.76,,
:,01-004,‘,,
a,oo,768.6,|,10.38
제,|,748.0,ear,
x. |,884.6,|,10.87,|
